id,is_dangerous
547423899,False
5056592938,False
1872877908,False
695576147,False
1916282221,False
1454623227,False
1759341370,False
2089126743,False
6152025077,False
6084287850,False
626171947,False
5721432290,False
1018443736,False
5630693744,False
5524811492,False
5159371451,False
5577963691,False
1618561931,False
1535070385,False
5905895132,False
6047926137,False
6139187291,False
2061767263,False
6227825322,False
5174495351,False
6165478408,False
5858491024,False
5522999778,False
6039158448,False
6112835180,False
5556301473,False
5924124225,False
967772410,False
5625720286,False
5911525328,False
5924387549,False
1300271360,False
5458057251,False
6224898553,False
6220836479,False
6128365048,False
6001237641,False
5992648127,False
5868692659,False
6293940004,False
6236293880,False
5994080477,False
5933983311,False
5156072642,False
5882562479,False
5248789345,False
5586215972,False
6165151257,False
5893111274,False
1602941541,False
6006318242,False
5842295680,False
6234755258,False
5178479759,False
5189403486,False
1694315594,False
2006621355,False
6003767524,False
6033317123,False
6226945190,False
5998581039,False
6130608714,False
410027851,False
1131945759,False
5882635764,False
5881155248,False
5951515918,False
6246831506,False
5197597920,False
5644566321,False
5408162957,False
6080849843,False
2038163307,False
1387780772,False
5499990894,False
1000606291,False
644096455,False
5820323865,False
1351823490,False
5623269889,False
6090457621,False
5570604685,False
5058753252,False
928889314,False
5925485556,False
5999464399,False
5315355444,False
6159723843,False
2124556721,False
5970505235,False
5939397983,False
5237128268,False
1819243172,False
5829085090,False
2073236192,False
5633940544,False
1305306774,False
2048672407,False
5938908840,False
6208709093,False
634355868,False
5039300993,False
1915997775,False
1191407068,False
5173695413,False
5948668719,False
5803257268,False
5968650212,False
5976986263,False
5920252385,False
5909354187,False
5968330358,False
5652282741,False
5601597233,False
1341448213,False
6020966279,False
5347094364,False
5244409792,False
5800145164,False
5908494175,False
5508722663,False
650409101,False
5565579571,False
5912546496,False
5957076711,False
5037608962,False
1895075192,False
1617227764,False
5678815748,False
5201476330,False
2005664376,False
5134717529,False
5663581984,False
883676927,False
1954203494,False
5765276173,False
777096518,False
6142102685,True
5672929820,True
6038935131,False
5408324208,False
1745847543,False
2133277920,False
5576218079,False
5757411572,False
5783373178,False
5790677921,False
5682276667,False
5164489045,False
1496077186,False
5677754804,False
952317470,False
6057600226,False
5385139823,False
6160504978,False
5676418321,False
548083820,False
5394663135,False
5542527638,False
6017639698,False
6069760347,False
5948290189,False
5546037673,False
5357499728,False
5812535836,False
5892453247,False
5712368614,False
5427779238,False
5904099539,False
5921624738,False
5883604849,False
1396395992,False
5943380537,False
5949488287,False
1993678811,False
5901032319,False
5160567812,False
5346516092,False
5388254107,False
5965772688,False
1290174918,False
366435174,False
498385785,False
891443406,False
500293098,False
5626703616,False
1219237435,False
1610694037,False
810487628,False
5816274465,False
1093155066,False
5979191999,False
5224078299,False
5079816544,False
5039402016,False
5934374808,False
5875892935,False
5942683187,False
5736159322,False
5858757223,False
5757352039,False
5899072212,False
1492850865,False
5027777859,False
5205225755,False
5403869800,False
5682474469,False
5674755150,False
5421962634,False
5824549485,False
1287899956,False
1790927498,False
1798841958,False
5369938153,False
5605005494,False
5643597935,False
5671422564,False
5648014401,False
5667276737,False
5802242335,False
5984366350,False
916945579,False
5549960536,False
1739661017,False
1249425469,False
2095228443,False
781522096,False
5298383502,False
5614597288,False
5673370203,False
5075457746,False
5818644709,False
1851530013,False
2139533366,False
1687743685,False
5785609271,False
5136426650,False
5529173417,False
1853444386,False
5098525494,False
897308027,False
5902019389,False
5855507277,False
1239336012,False
5967167375,False
5159838931,False
1025468799,False
5596050645,False
5767880434,False
1581509146,False
1428482002,False
5474973585,False
1442368614,False
5556434266,False
5818626434,False
5749388893,False
926853057,False
5169869774,False
1184514040,False
5186587702,False
5343598118,False
5897361497,False
1846087505,False
2144691132,False
5580184981,False
5886754045,False
5228743990,False
1770164181,False
5821181954,False
5952635588,False
5433507687,False
5746046141,False
5133320156,False
5132940429,False
5742363681,False
5904752643,False
1460201041,False
5389355824,False
5546204239,False
1930733528,False
5976657379,False
811594331,False
2111215460,False
5588752987,False
1018279296,False
2146501029,False
485340954,False
5303692136,False
5712238903,False
1200251375,False
5266954488,False
5251119005,False
1764596764,False
2023640867,False
5076423189,False
5707966278,False
1017343953,False
5729299261,False
5492953733,False
1430843128,False
5201944596,False
5330675244,False
5450214092,False
5360697206,False
2085237346,False
361986516,False
5114955448,False
5761557939,False
685599661,False
5583421367,False
5715157625,False
5295730233,False
5762101381,False
5734273630,False
5730547962,False
603698465,False
1025897493,False
5083508484,False
5458202966,False
5703929450,False
5264422732,False
5818999739,False
1837769822,False
5225408049,False
5012891574,False
5457226831,False
5624073984,False
5403956570,False
1920424494,False
5458627463,False
807559641,False
5321290151,False
5799758705,False
5570052089,False
5669336809,False
5120440676,False
799514874,False
5683928376,False
1147948135,False
5296302181,False
2124669829,False
5263056705,False
1920624984,False
5653733735,False
777711580,False
5066790032,False
1721423321,False
5551395711,False
5866711276,False
705425799,False
5830745733,False
5549815932,False
708272882,False
5274748711,False
2080863021,False
1703253434,False
5548545305,False
942706258,False
5639021359,False
5406297870,False
5740808105,False
5669475515,False
2049825949,False
5053662048,False
5671471295,False
5400226179,False
1189760515,False
1377334317,False
1203223910,False
2092628162,False
2098192327,False
5643236455,False
5189857822,False
5394317349,False
5319635054,False
5448069896,False
5627162311,False
5788182127,False
5776475238,False
5778759369,False
5655580774,False
5630034195,False
5607928175,False
5512501689,False
5434771003,False
5526389639,False
5413471715,False
5376655080,False
5600072979,False
1624620608,False
950074535,False
1864322818,False
5616509202,False
715178887,False
603220397,False
1993138819,False
5540083541,False
1706157996,False
5260168721,False
5363843621,False
5391953206,False
1710583166,False
5770884892,False
1847962543,False
1491368316,False
1067509668,False
5323094786,False
1416968508,False
5748653568,False
5527555635,False
5377872943,False
5108712090,False
5406759509,False
5519176882,False
5202457691,False
589918570,False
2086127006,False
1837076008,False
1954009391,False
5657761231,False
1359696125,False
5161112832,False
1158703221,False
5766061185,False
5291827612,False
1487337678,False
821402884,False
5743870774,False
5697049176,False
5080117550,False
5009671337,False
1161911424,False
1557082919,False
5511567355,False
5462025176,False
5779217682,False
5021229706,False
2089792458,False
1878266815,False
5590479318,False
5683615892,False
5454713680,False
5737033115,False
548210502,False
985663775,False
667424738,False
5473291890,False
5462321431,False
5697376713,False
5640091631,False
5633623750,False
1623801656,False
5260553208,False
5572561622,False
5792810892,False
5320466790,False
5705095561,False
5039266315,False
884840811,False
5688734772,False
5666881673,False
5541260613,False
5675424275,False
5656455656,False
1224694149,False
5708118749,False
2078938997,False
5672043773,False
5422664318,False
5761738729,False
5343896217,False
5241364510,False
1666713283,False
5524336718,False
5600569984,False
5529245401,False
5615391445,False
5560478627,False
1472647919,False
5359220831,False
5059677023,False
5099428469,False
5467639253,False
1403418329,False
5614172449,False
1472660245,False
5764542036,False
1959576661,False
5693886882,False
1451950964,False
5622479077,False
2123793075,False
1267553568,False
1073411208,False
5150396800,False
1998173597,False
5584381582,False
5786135661,False
5507746457,True
5777953598,False
5349421619,False
5288606881,False
5659115993,False
5575279653,False
5540906177,False
5789300384,False
1768818117,False
2070724179,False
1914813668,False
5411432963,False
5542278843,False
5401174004,False
5365772579,False
5211026903,False
5693660625,False
5465084348,False
5020228486,False
5375642617,False
5058234805,False
5458132254,False
5599781869,False
5683343018,False
5229934454,False
794973678,False
5450431892,False
5534781617,False
5196230313,False
5558994091,False
695442561,False
5493525757,False
5302752232,False
1712759019,False
5411540003,False
5608638768,False
1502644800,False
5744613844,False
747148834,False
5546382456,False
5587139358,False
1060708228,False
5713320160,False
5666724811,False
5558516303,False
5793473002,False
5268770861,False
5411876719,False
1211083187,False
575652107,False
5598455460,False
5116251092,False
5203175927,False
5706060189,False
5221082155,False
852047658,False
816095498,False
5593983870,False
5759989580,False
5461981263,False
5629736086,False
1885255864,False
5412854010,False
5492334436,False
5351186389,False
623565777,False
5182448437,False
5048846734,False
1931792848,False
5625732636,False
5679903533,False
977106348,False
5459800475,False
1093187106,False
5635737202,False
5341948920,False
1450946169,False
5551795314,False
827768177,False
5397233837,False
1688547161,False
5423954035,False
5350152353,False
5422673914,False
1480444365,False
5548734434,False
5502779118,False
5714158225,False
5313878677,False
5413857095,False
1149235783,False
5468361595,False
5031111874,False
972395002,False
745285464,False
822379876,False
5662277485,False
5695103131,False
5681442372,False
5229924428,False
5520031044,False
1291945244,False
5154914444,False
5522064568,False
1416380167,False
1982171640,False
1892280701,False
5764598645,False
5129033804,False
1777775034,False
1949768523,False
1370525130,False
2057747811,False
618986190,False
5476407056,False
5095927600,False
5026640053,False
5617354415,False
5681990964,False
5716854387,False
5201263031,False
5253008304,False
707960710,False
835860575,False
5469252501,False
490934791,False
1556777138,False
5249793717,False
489133678,False
5526745137,False
1878580048,False
1299020201,False
5419071339,False
5531160824,False
5229445617,False
1299410034,False
5474965051,False
5313220554,False
1512164891,False
5223425554,False
5519816450,False
5177039681,False
5461050918,False
5401353272,False
5459173406,False
1736711727,False
1840700448,False
5353783298,False
5131374990,False
5350072514,False
5062834046,False
5066254313,False
5241040309,False
5079830588,False
5573884627,False
5413580947,False
5553806029,False
1202420025,False
5592205759,False
5491132937,False
5200513084,False
5325387226,False
5350362991,False
5301140248,False
1263060324,False
1419792281,False
5301687906,False
1475133744,False
1099858589,False
5101840269,False
5555543302,False
5529446571,False
5467246214,False
5167533855,False
5514267798,False
5536813931,False
5393207873,False
1119155251,False
5563356458,False
1992887476,True
5588909532,False
5184558055,False
1021431354,False
5470792044,False
867080944,False
5584350059,False
5499999534,False
1879425752,False
5533976320,False
1897036366,False
5447452543,False
1810615977,False
5334591065,False
5486448745,False
1534109169,False
5116316380,False
2120941742,False
5045954478,False
612960613,False
5319134705,False
5577155754,False
5407715552,False
1536335496,False
1878493995,False
2046845929,False
1933473568,False
5596548866,False
5305724502,False
5470413291,False
5577158093,False
5041052270,False
1719111363,False
5350054141,False
1963352085,False
1322217818,False
5486712880,False
1476934574,False
5272636716,False
5565689012,False
1665789489,False
2125937959,False
1466443985,False
624882160,False
5186993168,False
5032336153,False
5034598369,False
5081647012,False
1636392223,False
5440715035,False
5354410165,False
5138667940,False
5534949061,False
1158287138,False
795962049,False
5116818342,False
1100945733,False
1052711310,False
756084903,False
1072251389,False
5460323120,False
5584246680,False
1157186300,False
5194330932,False
417391660,False
487338370,False
5161743193,False
5205708690,False
5595797105,False
1015673192,False
649539653,False
1706390906,False
1030330437,False
1239396051,False
5520307258,False
1129402745,False
5486152692,False
1766805594,False
5300754094,False
1418171164,False
1637106503,False
1795545026,False
1042293219,False
5579127105,False
5305010091,False
2146912657,False
591347632,False
5243303838,False
5570411143,False
1241019134,False
5392886355,False
1824482752,False
5595827403,False
1337918766,False
5439644521,False
1774326132,False
5161603140,False
2144488193,False
5447870511,False
863103487,False
5229755335,False
5535658793,False
1308171302,False
5414827690,False
5553488454,False
1897105872,False
5022355957,False
5230315920,False
1890164474,False
1783704469,False
5389102855,False
5479645675,False
5312456476,False
5515956773,False
5351517992,False
1646269970,False
5419623486,False
1107115714,False
5208199479,False
1354977619,False
5515995651,False
1847726168,False
1832134212,False
5495450772,False
5430945115,False
5582006276,False
1208389743,False
5304394185,False
5048654094,False
1647363438,False
5566095358,False
1430579415,False
5494332754,False
5447809533,False
5039696361,False
5579619497,False
1053449816,False
1615630147,False
5485487810,False
5376952737,False
1640300590,False
1233081294,False
859015212,False
5303553019,False
5533541243,False
1709230068,False
1944064937,False
960598690,False
924361773,False
2030309955,False
1275601496,False
985236611,False
5076556184,False
5382709106,False
740635591,False
1247122892,False
5059817435,False
5182013884,False
1904943416,False
1847675485,False
1265117881,False
5376831866,False
5505911179,False
5433296660,False
5406035963,False
5260502668,False
1555717649,False
5355270343,False
5439147420,False
1891445745,False
5275620773,False
920431172,False
5202244140,False
5139894132,False
233397242,False
5218557414,False
5406255972,False
2105346212,False
5315223716,False
5368330309,False
1717827553,False
1182270246,True
5571206016,False
772928188,False
5210919646,False
5217404418,False
2116267115,False
1403457836,False
5486475262,False
5110520223,False
1749428018,False
5384549062,False
1053834234,False
5449630611,False
1723816936,False
1463496395,False
1825668522,False
5532281245,False
5206970640,False
5442890518,False
5550254666,False
5254084827,False
5337912806,False
2008144428,False
2145075408,False
5114420363,False
5347183816,False
5189037613,False
1409575784,False
1036415684,False
5473402755,False
961642116,False
1009731848,False
2147152202,False
5396564558,False
5267413487,False
5334382549,False
5257100419,False
5177799841,False
5214883425,False
5313736605,False
5598522304,False
806889255,False
1694886956,False
1764070555,False
1904680682,False
5460699571,False
744458324,False
1186827933,False
5236540687,False
5343466572,False
823879738,False
5024200496,False
5207181327,False
5495132110,False
1112182316,False
5505793642,False
5517045867,False
5374346788,False
1108865210,False
457030626,False
5368807147,False
5296503415,False
5051519215,False
1139261650,False
5101258005,False
5164390658,False
2070258709,False
1206420392,False
5344344241,False
5378756097,False
5381255615,False
5147430376,False
5355133990,False
5162483727,False
5361882491,False
5386652543,False
2102420496,False
2049009570,False
5365478464,False
5397083553,False
1336991712,False
5373335329,False
5105380804,False
5031020385,False
5137044901,False
5171358753,False
5140271151,False
2062848820,False
5055205008,False
5344972678,False
5127890683,False
5298352134,False
5177549764,False
855019347,False
5268579426,False
5225140535,False
5176992202,False
5053146083,False
1243152558,False
5308548235,False
1156099753,False
1447298017,False
5157365164,False
5108727394,False
796974477,False
5067492639,False
5343479618,False
5336602758,False
1309461482,False
5188541645,False
5306017261,False
5284519285,False
5337882349,False
464159296,False
2104085129,False
5390599904,False
5068123303,False
5165103431,False
5394614448,False
5310708370,False
5186139216,False
5024882109,False
5064149360,False
1251418371,False
5249553228,False
5200101287,False
5337073738,False
640495725,False
5361578385,False
1859991906,False
5103997800,False
5206095008,False
5164173828,False
5161738232,False
5132861843,False
5259613373,False
5200636524,False
5090855743,False
5351923743,False
5376260716,False
5292940183,False
5059210682,False
2051467167,False
643491808,False
5147639623,False
5235249914,False
5306658153,False
1834299480,False
5248100363,False
949022764,False
5265369247,False
1403174975,False
5130863916,False
5298298850,False
5298649535,False
5127493653,False
918453492,False
5294780710,False
5181000647,False
5388870736,False
1120967555,False
1648142033,False
1252316062,False
1346769455,False
5193152419,False
1552523422,False
1331464863,False
2112474405,False
5295294867,False
927600504,False
1120148112,False
1730914964,False
5262822406,False
89063348384,False
5278454158,False
1006162779,False
5285140629,False
1936513096,False
5141042391,False
5115908014,False
5168832492,False
5098737967,False
2094311172,False
1271157884,False
5047911075,False
2070377535,False
5297860159,False
5052453886,False
1890090351,False
5127109347,False
2143484026,False
1166445722,False
581591410,False
5187768268,False
1758740537,False
5186493623,False
5154896333,False
5169409901,False
5109984012,False
5032736719,False
5146520666,False
1309395282,False
1650656817,False
5252935089,False
5030481852,False
5276081713,False
5227339580,False
813542676,False
5198021851,False
5119800384,False
5158463239,False
1049583109,False
2132613685,False
5139387685,False
5278006030,False
779922707,False
1889731477,False
1041836818,False
1089230634,False
5003615909,False
988354422,False
5211149266,False
5221463152,False
1838857606,False
1832133732,False
5211280328,False
956979256,False
5260463575,False
694712971,False
5011427070,False
1482816143,False
1346376879,False
5298501080,False
783733830,False
5269718515,False
5231590169,False
1248132642,False
5220477440,False
5089667818,False
1019759504,False
1115039502,False
2074487227,False
1833012057,False
5101088812,False
1915762533,False
1543387506,False
1161411324,False
1149546378,False
1855161313,False
559968971,False
1199810006,False
2123189665,False
5119635160,False
5020513564,False
1823018612,False
5060714344,False
1647935996,False
1615548240,False
5062404116,False
5050120688,False
840804489,False
5097101989,False
1718671519,False
1804521644,False
5250874880,False
1912381636,False
1779652830,False
2104663985,False
1846620223,False
1500241465,False
2057697452,False
1134914993,False
5039245849,False
2007379065,False
2028198393,False
5168541085,False
5107109708,False
5137765555,False
5147018642,False
5250826562,False
5064722292,False
5062408420,False
1960748212,False
5110078916,False
5157292950,False
5005071104,False
5070814685,False
1900598687,False
5229254280,False
5163423177,False
2066424939,False
5118621626,False
1856695283,False
5179937866,False
986167963,False
1114392026,False
1826255305,False
1964689036,False
420753357,False
2056427679,False
1887645873,False
2113164553,False
5112050572,False
2094844845,False
5242790560,False
1981930877,False
1961018565,False
5109238474,False
1780909107,False
5281073404,False
903579111,False
5040330185,False
5236908236,False
239347573,False
5077322139,False
2066186669,False
5063949272,False
5058503875,False
5219004063,False
2138122955,False
2082145227,False
5088717590,False
5062796891,False
468560792,False
853712504,False
5065133189,False
1540917190,False
936896933,False
5039174624,False
1797495517,False
2085028876,False
5091279809,False
1058215676,False
5067487421,False
1671937246,False
2069010412,False
2089848324,False
976035555,False
2003912541,False
1940722809,False
1621890076,False
1823233008,False
1836840640,False
1862600860,False
629502048,False
2008976946,False
1092231151,False
1069433835,False
2122244534,False
5032073388,False
1928908606,False
1717080412,False
1740221524,False
488014658,False
379831137,False
954439550,False
1270307248,False
1852112877,False
2043870061,False
1484820358,False
1934298869,False
1217571924,False
1982300768,False
757024397,False
835846668,False
1282503100,False
6236961649,False
5993974536,False
6158613326,False
6212674802,False
6241833292,False
5369987110,False
1251357984,False
5964056984,False
5730530516,False
6007376752,False
5606850196,False
6096642517,False
6129309049,False
5972506318,False
5777062942,False
1770026972,False
6101412837,False
5576414058,False
6054073778,False
6225677610,False
5594339177,False
5428922247,False
5632880930,False
6267647572,False
5886863468,False
6225426229,False
5835412312,False
6056492772,False
6212718990,False
6067351374,False
5627046930,False
6185499292,False
5831559950,False
5900550040,False
6002860396,False
5833169578,False
5857021425,False
6276665046,False
5697226990,False
6155072446,False
6076995430,False
5510850343,False
5882231155,False
5988411440,False
5971241997,False
5853450073,False
5883250473,False
5977561932,False
5943414055,False
6025875941,False
5575556538,False
6109995121,False
5874173818,False
6007675407,False
6093689220,False
6100135182,False
6018698661,False
5935650487,False
6201887813,False
5953617855,False
5993582662,False
6141332874,False
6142308524,False
6180395251,False
5639405179,False
5629416359,False
5450818137,False
6199388154,False
5521915611,False
6068037207,False
6055828341,False
5991386092,False
5780964722,False
6130211280,False
6255913232,False
6090871197,False
6130093684,False
6198296529,False
5512520692,False
5490810383,False
5258969027,False
5740773615,False
5844340275,False
6280520233,False
6246340085,False
6202061602,False
6094737044,False
6127267490,False
5857038301,False
6270515714,False
6261897654,False
6148471467,False
5910542016,False
5531705015,False
5779030020,False
6172019520,False
5911131124,False
6299808655,False
6193407839,False
6056172824,False
6181137555,False
6169292114,False
6253242005,False
5999254331,False
5418048704,False
5824504259,False
6051784879,False
6170049498,False
6080023596,False
5992550871,False
6129036794,False
6282154684,False
6084893139,False
6147625570,False
5729658725,False
5959417117,False
5550068917,False
6145397701,False
5856144729,False
6081981179,False
5958542473,False
6081268658,False
5115146817,False
6211000179,False
6006553710,False
6287286973,False
5241336515,False
5820351117,False
5734347565,False
6035811058,False
5190156310,False
6074884522,False
5869789998,False
5988049606,False
6222562350,False
5114806106,False
1895269545,False
5262442377,False
5261952061,False
5119504542,False
1962434782,False
5223595404,False
5219759750,False
6181901959,False
5180016528,False
5183858653,False
5999325939,False
5931158406,False
6065047740,False
6225465772,False
312824797,False
6005106525,False
5703479854,False
5696507444,False
6223949740,False
5862406386,False
5892952534,False
5918878421,False
6148321683,False
6193355670,False
5884817241,False
5697789019,False
713097525,False
6283361830,False
5954536011,False
6255251821,False
5395007393,False
6082680236,False
2143783753,False
950489172,False
5819269380,False
1121280013,False
5474754960,False
5462420285,False
5712383842,False
5757928070,False
6224944008,False
5146121436,False
6024326720,False
6186808502,False
6123986729,False
5526602046,False
6113220231,False
6104041525,False
5635796492,False
5106684176,False
721695649,False
6230022819,False
5989675461,False
6038175997,False
6112708299,False
5074632539,False
6002251577,False
6154310919,False
6191281664,False
6271166500,False
2140766866,False
5321561646,False
5724869470,False
5928589781,False
5955304334,False
5884321719,False
6054868497,False
6285821968,False
6258349074,False
6123829830,False
5640849043,False
6134853168,False
6244228075,False
825965089,False
5857250518,False
783027408,False
6158931966,False
5257300449,False
998039124,False
6084723583,False
6092610316,False
6094166482,False
6086957054,False
5434369342,False
5439834467,False
5768404993,False
6266613384,False
2111532327,False
5691819208,False
5980734263,False
5245739861,False
5415974735,False
5605099958,False
1667863839,False
5111207145,False
5924985188,False
5976135912,False
6180406684,False
6266238448,False
5919629395,False
5922590085,False
1324682054,False
5302027106,False
2014818293,False
6249689860,False
681028220,False
5984594243,False
5901144525,False
6139355240,False
5673216877,True
1238441206,False
5698244408,False
5089240314,False
5719987898,False
6229645498,False
1916318988,False
1991248257,False
5698277652,False
6218405829,False
1493720970,False
6261989186,False
5459952430,False
5935339299,False
5563454939,False
6156476606,False
5057171091,False
5213716684,False
6111680928,False
1968689429,False
6031141175,False
5928473278,False
5958855839,False
6051357531,False
6242884856,False
6279290645,False
6126760861,False
877646304,False
5403290848,False
5878928777,False
5864039059,False
1809526308,False
5246557168,False
5406324578,False
1808502072,False
5775789338,False
515272523,False
6254350480,False
5966964248,False
6093579380,False
6077064677,False
5251325401,False
5360492716,False
6028244621,False
5420035364,False
6207072405,False
6171375615,False
6181524610,False
6093447907,False
5633034972,False
6152668712,False
6146853472,False
6214092984,False
724195395,False
719204085,False
5993676027,False
5913317118,False
6097775970,False
6278069052,False
5692512592,False
5971486819,False
5987763900,False
6176263623,False
6220729893,False
766867036,False
858772565,False
5507161756,False
6214916800,False
5560508904,False
1867451933,False
5615607620,False
6036062110,False
6217678352,False
2082245957,False
5378610756,False
6224738924,False
5666578354,False
5406850371,False
5667176802,False
724004924,False
5682327371,False
6160499428,False
5615605045,False
5762489496,False
6123043888,False
5989920749,False
6282608332,False
5856693843,False
6218140703,False
6093124794,False
5968879669,False
6180902905,False
6028560004,False
6296104254,False
6130883849,False
6192442550,False
6035705115,False
6163778787,False
6222213952,False
5924546017,False
6045257930,False
6163118065,False
6013947278,False
5975438410,False
6182299605,False
5953389042,False
6173170167,False
5718442254,False
6111928009,False
6201935540,False
6190461829,False
6113402613,False
6295109230,False
5836015736,False
6031221178,False
6111059694,False
6054004684,False
5964265097,False
6205818077,False
6177014761,False
655223908,False
6276526610,False
1696691496,False
6131770846,False
5761992013,False
2092649849,False
6130958046,False
5480077798,False
6152401745,False
6235594617,False
6076953351,False
5987247316,False
5454085236,False
5305573067,False
2115162131,False
6191472795,False
6031506445,False
1527027523,False
5426447208,False
6142682366,False
6241706885,False
6269005788,False
6151473800,False
5830603110,False
5570719710,False
6287955707,False
6270352103,False
1536119967,False
5173022977,False
5717121086,False
6124900993,False
5984879521,False
6010745768,False
5833537841,False
6204485941,False
6125230082,False
6220363553,False
6036769653,False
6206011098,False
6200171764,False
6141840615,False
5365236573,False
903471515,False
6148745559,False
5305001860,False
6268641778,False
2107137932,False
5823010848,False
6202338315,False
5586252605,False
1874554297,False
565417853,False
5670530744,False
823047591,False
5652237917,False
5992579489,False
5052544627,False
5204938199,False
5520386384,False
6108551366,False
995625420,False
1335376023,False
838267294,False
5972960432,False
6104146252,False
1042231108,False
6287851519,False
6053958290,False
5690977443,False
873668004,False
5208587522,False
5342942822,False
5881939915,False
6289582090,False
5974673806,False
6240209564,True
5140956938,False
828290742,False
6279926693,False
6087141032,False
6121912565,False
5460522028,False
836245336,False
5957581211,False
6272075763,False
6068782691,False
5831830863,False
6276137503,False
6181977539,False
1525991522,False
5423560899,False
6266061496,False
1043491929,False
6096113633,False
5957956277,False
6274299265,False
6038514038,False
6074266024,False
6151009663,False
5556528583,False
1856445892,False
2070674171,False
6201230732,False
5843491995,False
766456693,False
6113641087,False
6224426591,False
913896496,False
5171497314,False
6265907522,False
5789902889,False
6152313900,False
6044964967,False
1902281002,False
5733732351,False
6116578596,False
5831753888,False
5469196965,False
5987864104,False
5617760312,False
6113320595,False
6167184289,False
5702009258,False
862618559,False
1875502303,False
579553421,False
6049435632,False
5638658476,False
6015928048,False
6256140392,False
6210905387,False
5176092662,False
6128831377,False
6158349163,False
6290642447,False
5217970243,False
5820162949,False
5026857565,False
5789460284,False
826522569,False
836109611,False
1921162488,False
6128273230,False
6247411909,False
6002230542,False
5403684696,False
5862384539,False
5992893461,False
6078062836,False
6160094245,False
5409016198,False
5916337946,False
6259654687,False
1354857032,False
6019681978,False
5660578722,False
6064056948,False
5765383004,False
5612296308,False
532648986,False
5242136630,False
6102443866,False
5092368736,False
5883195002,False
5571322811,False
2061332476,False
5956505341,False
845405657,False
5812344256,False
5076934607,False
5983661937,False
564598838,False
6036543782,False
5689324134,False
5460962499,False
5103636026,False
5912859317,False
5824003092,False
6057317078,False
5995160357,False
6110318981,False
5435784835,False
5990658515,False
5712642276,False
5514678229,False
5411561034,False
1454764399,False
6071194036,False
2051805556,False
6046702013,False
6184033903,False
2068952086,False
716150375,False
6155317809,False
5953838190,False
6064500191,False
5642630991,False
5800735146,False
5847722368,False
6115711154,False
6243571376,False
5919058198,False
5127116773,False
1491430277,False
6010895613,False
5878240454,False
5930439015,False
5929891981,False
6150188540,False
5973440026,False
6137787284,False
751959600,False
6270500235,False
6214345904,False
5532827557,False
5551047022,False
6141704097,False
6146104358,False
6077572878,False
5705556460,False
5085847108,False
524078742,False
6212095778,False
1339112059,False
5037691788,False
6172506547,False
5726792367,False
6159595423,False
1450661177,False
5993139217,False
5158753293,False
6111354269,False
5831254932,False
6118654926,False
6270913070,False
5615903214,False
1213886094,False
5769653424,False
5791151483,False
5833427059,False
6020750603,False
6131766687,False
5598051658,False
1303046647,False
6272423579,False
5679056674,False
5953896941,False
5999639148,False
5693324778,False
5078757416,False
1590354420,False
5216300896,False
5946993229,False
5454154206,False
1248645258,False
5199627706,False
6032982258,False
6037136790,False
6131063426,False
5722356704,False
6184902825,False
5858986551,False
5825916639,False
1712634946,False
5466655249,False
6004533371,False
5047236073,False
5646895229,False
6050321150,False
6212073156,False
2132951660,False
833871461,False
5901674539,False
5724359719,False
6211605539,False
5849226344,False
1495233840,False
6001469655,False
6102939418,False
6379865312,False
6094783589,False
6327392693,False
6160197461,False
5843588870,False
6343673547,False
6214404701,False
6041528708,False
6260829124,False
779683197,False
5637147839,False
2068954656,False
6073474735,False
5227736003,False
5697325498,False
5962589687,False
6383558046,False
6023044579,False
6102963619,False
5921497701,False
6022228042,False
5859064972,False
5985831115,False
6127261189,False
6237873979,False
5900186073,False
5655641001,False
5991954437,False
6379444548,False
6201326246,False
614098883,False
6507899473,False
758796058,False
5808412757,False
5733242094,False
6116926752,False
5873493781,False
5995209791,False
6339183687,False
888934651,False
851852945,False
5834859837,False
6246413677,False
6390528209,False
6276019354,False
5984122273,False
6306891707,False
6290548496,False
6112414973,False
5909878456,False
5420686203,False
5077936067,False
6252003952,False
5995665202,False
5761823221,False
5407882946,False
6281229695,False
6049678604,False
6122723950,False
6273661117,False
5809006736,False
5955626829,False
1285506852,False
1510145699,False
1665135309,False
5989385118,False
6219245316,False
5913022894,False
5509572620,False
1730949016,False
6512089282,False
6111846387,False
6467882128,False
6638693797,False
1066981679,False
6325617938,False
5658541709,False
1398506404,False
5939231549,False
6467789781,False
1966616912,False
6469430992,False
6262326298,False
6196492644,False
6135609699,False
6592780298,False
5079357526,False
951339227,False
5641239642,False
2120187174,False
1266237304,False
6169539025,False
6549110743,False
6312581721,False
970348697,False
6649313362,False
5946050199,False
1559426044,False
5762384855,False
1058787609,False
6574793197,False
5965274135,False
6047026396,False
6099611161,False
5822782607,False
5663693741,False
5642333037,False
6187652923,False
6550636572,False
5842925097,False
1084923586,False
6371115779,False
6127023593,False
6375506157,False
6541031278,False
1723381421,False
5908442704,False
5673503459,False
6578992234,False
5536270631,False
5621693535,False
5778788349,False
1733764635,False
5606592776,False
1197508194,False
6160793110,False
2017266119,False
549228103,False
5820093796,False
6370421223,False
6034776859,False
6520764519,False
5921838457,False
6548221263,False
5749809297,False
6620210318,False
5913709246,False
6585571939,False
6397630126,False
584146485,False
6119976023,False
5817710081,False
1878244288,False
6071490002,False
6151654776,False
6145351444,False
975381680,False
6390766998,False
6342253729,False
6015041801,False
5752168488,False
833192459,False
5058738501,False
6358974446,False
6172291466,False
6227253634,False
5917987671,False
5887705266,False
5777078153,False
631236527,False
5728385898,False
5860580324,False
6169543696,False
6132327199,False
6208682504,False
6073606762,False
6223865321,False
5809133688,False
5403069825,False
5941588190,False
6090444641,False
6023495043,False
5898113843,False
5787601973,False
5761845981,False
6393764859,False
5634791976,False
6325370937,False
6392667769,False
6342317751,False
5815571650,False
5770413889,False
5950581033,False
5500987591,False
5859908970,False
5017346637,False
5600465326,False
5679573376,False
6692259548,False
5583902863,False
6624583655,False
6648772695,False
899864843,False
6585180267,False
5491037554,False
6677959271,False
6138562347,False
6062864269,False
1775353108,False
6203408399,False
5763732998,False
6256827980,False
5857748588,False
5947585666,False
5845486611,False
5334041519,False
6483696154,False
6492483886,False
5833619708,False
6309143901,False
5875279576,False
1036511230,False
6672909797,False
6457056690,False
6670780306,False
950207011,False
6143432932,False
5222556384,True
6532494212,False
6695479440,False
1746953073,False
6129701224,False
6299353870,False
6134233329,False
1237942802,False
949231869,False
5870812927,False
6506956992,False
6437021974,False
1883908497,False
6128094957,False
5572963174,False
5601842894,False
6549461998,False
5851477982,False
6445061227,False
1391024005,False
5972559505,False
1540713216,False
5856196023,False
6527103184,False
6417653358,False
5261816755,False
5055758757,False
5944559383,False
6200365271,False
6516727697,False
6112885898,False
985181699,False
6651920704,False
289285776,False
5685319144,False
1215726388,False
6315642130,False
5090212269,False
6667469647,False
5146919862,False
6500750380,False
6050560380,False
1034976492,False
6659678027,False
6280896771,False
6580510227,False
5835633841,False
6364102626,False
6250330386,False
5537003302,False
6663493192,False
6086996914,False
5842825533,False
5975127393,False
6003845343,False
465549211,False
6415680142,False
5498348058,False
6118679212,False
5570470243,False
6381110817,False
5369081429,False
6093554488,False
1116630042,False
6054023509,False
5107460051,False
6071928586,False
6056790347,False
6133182517,False
6366865388,False
6464149649,False
6106533295,False
5428178503,False
6661673561,False
6252363262,False
6374699713,False
5987380578,False
6588534134,False
426366774,False
6169284070,False
6573968195,False
6108708530,False
5720886987,False
890301377,False
5389429790,False
6202691951,False
6219213406,False
6363010892,False
6185486998,False
1747488360,False
6371161731,False
5996621404,False
1813222331,False
6468174632,False
6051391569,False
6640224166,False
6076229990,False
6607585904,False
6591537276,False
5983437237,False
6143681499,False
6357916480,False
1383785076,False
6294434469,False
1027719540,False
6633527830,False
5532964049,False
6131885986,False
6691205197,False
6024482506,False
5980083729,False
5497164600,False
954208216,False
6573901013,False
6576376758,False
6216182128,False
5996271170,False
5472920913,False
1123451744,False
6073419456,False
6676037242,False
6405669486,False
5840990467,False
6174749710,False
962753238,False
2117382661,False
6354075069,False
5494847310,False
5976448380,False
6590835417,False
6239036606,False
6495065462,False
6646730958,False
6332724070,False
6675051418,False
6314713285,False
5869824425,False
6558770846,False
6413449996,False
5794341148,False
6516515884,False
6140717783,False
6660809068,False
5812590106,False
6287649903,False
5576076538,False
5767760097,False
719838500,False
6691283520,False
5801183613,False
6639549683,False
5778739477,False
6147322688,False
5459726034,False
5618447668,False
5658352503,False
290683310,False
5283648584,False
5463900284,False
6380838235,False
1947090752,False
5425583113,False
6637302279,False
6476241763,False
5185200769,True
6550890129,False
6476191226,False
6585512331,False
6578695098,False
5938700023,False
6335282308,False
5492888952,False
6579955589,False
6558724719,False
5928356255,False
5587328158,False
6338206910,False
385670564,False
6610914022,False
6237442934,False
1107900655,False
6227608508,False
6673215978,False
6498419648,False
1844527969,False
6208888659,False
6307445893,False
6060982817,False
1965296262,False
1904404346,False
6533417959,False
6668912878,False
6242153899,False
811014640,False
6645301747,False
5309005990,False
6612806410,False
6420095299,False
6567654185,False
6359841197,False
6006041598,False
6660494208,False
5860365589,False
6139577355,False
6457597745,False
6589491876,False
6618499421,False
6413910792,False
6295354691,False
6267110978,False
5926326090,False
5144213498,False
5027467915,False
5943487138,False
5007336234,False
6247350037,False
2066491201,False
5113682737,False
908778080,False
1173404437,False
5747296021,False
6117596828,False
6648157981,False
1495166661,False
6011248518,False
5364064999,False
6539349499,False
6047070955,False
5778394837,False
6359337228,False
6462841963,False
1166429136,False
6052228998,False
5673068580,False
5936647935,False
1872281734,False
6431713832,False
683562405,False
5825128905,False
5055729883,False
6454042998,False
5772367464,False
1954105139,False
944649309,False
5575490677,False
6515425652,False
5637941095,False
6278012555,False
6794138578,False
6561412805,False
5857175416,False
6424737984,False
6557095963,False
5686562738,False
6852715937,False
6666238292,False
6341801163,False
6178321495,False
6677402906,False
2028577069,False
6153466578,False
6840171707,False
6271683565,False
6513338933,False
5879930109,False
5782966699,False
5293570964,False
6100717810,False
6417834422,False
6870914663,False
6351143655,False
6409844591,False
6419352046,False
6436873866,False
6408847647,False
6288200431,False
5949423073,False
6517926021,False
6269814889,False
6503765501,False
6365863862,False
6423267351,False
6393523630,False
6334941692,False
6236993455,False
5997527411,False
5130561547,False
1337199766,False
835190013,False
6363540468,False
6519779096,False
6505114039,False
5708043516,False
5945943532,False
5115934554,False
5246723150,False
5717731111,False
5172570071,False
5895014608,False
6689016659,False
6846581581,False
1721831984,False
6533930893,False
6782434057,False
6957860017,False
5339402026,False
6403358309,False
6635082739,False
6415931484,False
6469532846,False
1134048004,False
6298548047,False
1166395807,False
5776998380,False
6663303778,False
6420063519,False
6111101846,False
1334029512,False
6862692331,False
6069321983,False
865378506,False
5663999736,False
6763892124,False
6624898199,False
6593300973,False
6050679161,False
6833589241,False
5229496361,False
6627783474,False
6455851244,False
6744847265,False
6974210768,False
6877593601,False
6556192741,False
5495827780,False
6511282657,False
5302029386,False
5113154864,False
6588459416,False
5947657406,False
6730833118,False
6560732914,False
1464772107,False
1086308501,False
5900812981,False
5536717154,False
6571495771,False
6685743211,False
6069164784,False
807936289,False
6956656590,False
6694477500,False
6232131411,False
5725602912,False
5158501302,False
6559338423,False
6426814740,False
6453164041,False
6494616704,False
6321761034,False
6601910992,False
2133672290,False
6571204501,False
5227568816,False
6407477817,False
6262182847,False
5931861490,False
5642054408,False
6684447898,False
1786057706,False
6191184447,False
5528685972,False
1899723399,False
6541918536,False
6530985369,False
6245432853,False
1662382910,False
1570995963,False
5757161824,False
6733042423,False
958706650,False
6542397352,False
6588849850,False
6020757512,False
6470184614,False
6334928883,False
6780487482,False
1264460467,False
5370188316,False
6035475937,False
6635477294,False
1020270882,False
958952358,False
5903317966,False
6142087811,False
6603505363,False
6661656530,False
5000150839,False
6959901432,False
6609249703,False
2121674336,False
1950794797,False
5897682858,False
6375189410,False
6600086724,False
6395099752,False
1178367673,False
6395747518,False
6681150429,False
6694240887,False
6892547086,False
6683496134,False
6434886083,False
6561326948,False
1856608616,False
6389459616,False
1327508686,False
6581810607,False
5482432534,False
6824476525,False
961170837,False
6000029681,False
6319188387,False
5273935078,False
6540369400,False
2200700746017879,False
6805200912,False
6952375462,False
6785935008,False
5029890023,False
839805785,False
6673458326,False
5643141842,False
6351918211,False
6220408975,False
6313346491,False
6505105297,False
6931769427,False
6849170365,False
6838814188,False
5390933652,False
6975303312,False
6445437808,False
6063178498,False
6496333305,False
405042164,False
6837396669,False
6945859983,False
5254603544,False
6938792066,False
5255890495,False
6435637595,False
6768120553,False
6938466098,False
6363012112,False
5664894428,False
5526819428,False
6360586024,False
6797527108,False
6033929365,False
6618564963,False
1942480614,False
6832513733,False
6540800769,False
1435988540,False
6309644375,False
5992016368,False
1464365152,False
6141434374,False
6279463481,False
6446581767,False
6601710796,False
6143776099,False
886937997,False
5783104597,False
6947834907,False
6717786104,False
5721455886,False
2026954410,False
6495913293,False
6748015792,False
6917052079,False
6449559486,False
6324713010,False
6924395075,False
6910772207,False
6026515703,False
6788619578,False
5554712772,False
1572868287,False
6819105652,False
5219558864,False
6170248697,False
6984985903,False
6948996324,False
6329771926,False
6327796005,False
6523584904,False
6909321323,False
6942008937,False
6369127316,False
6405607587,False
788832014,False
6212019770,False
6016292679,False
5140039195,False
6928094198,False
6135371771,False
5006469154,False
5778103481,False
6904602497,False
6601200689,False
6324596414,False
6963126142,False
6705262177,False
6641961797,False
6428968816,False
6908167328,False
6494327213,False
6387703037,False
518150010,False
6519205981,False
5635334869,False
6722104238,False
5822070890,False
5296673301,False
6473034024,False
5547677679,False
5044501467,False
6730720936,False
6375688806,False
6686684963,False
6103568275,False
5748600588,False
6807831416,False
1119025494,False
6934100768,False
6314951840,False
5677460908,False
6989448643,False
6676148103,False
6700745793,False
5831483657,False
1985223088,False
6905261857,False
6765457261,False
5870573564,False
6775402896,False
6911355043,False
2096373306,False
6518548381,False
6699616375,False
5896434553,False
6784917590,False
6982368585,False
5426984818,False
6041416147,False
6651178127,False
6644773181,False
6916453632,False
2041025565,False
5970165391,False
1360851637,False
6498369411,False
5364960180,False
6571711960,False
6350015263,False
6315721416,False
6045215160,False
6520801112,False
604863988,False
5785853855,False
6416104266,False
6940077172,False
6879969434,False
6251863451,False
6901654518,False
6564199864,False
6504094989,False
6846492112,False
5832725283,False
5156899627,False
1060379784,False
6584286070,False
6808055158,False
6233062110,False
5319279234,False
970768102,False
1090001924,False
5614923234,False
6151941447,False
5510959561,False
6577019121,False
5441337513,False
6847850892,False
5782403697,False
6830623582,False
5680591718,False
6308761784,False
6591885838,False
6436267259,False
5963482365,False
6973686155,False
6958767463,False
6437094626,False
6989587095,False
5244692720,False
5394242057,False
6967353367,False
1632115298,False
6524181754,False
6646257849,False
6985171916,False
6650022321,False
5943076381,False
6424303069,False
6706638248,False
1098743470,False
6607599641,False
5553558662,False
5407151139,False
6601416904,False
6292652840,False
1423821209,False
6422728068,False
1474980040,False
6955539563,False
5663706177,False
5871348613,False
6890532031,False
6525570263,False
6775566020,False
6962104443,False
6792938275,False
6882762183,False
6881230879,False
5456965162,False
1350186351,False
5552787369,False
1062634515,False
6628814049,False
1341927482,False
1807572176,False
6537561374,False
6880314075,False
1895327637,False
1154319675,False
5231724421,False
5280714389,False
5894669135,False
1254344928,False
6109281505,False
6561910011,False
6397537916,False
6902338900,False
5808540308,False
6852022254,False
6073207157,False
5216601650,False
6916618255,False
6732096499,False
6748349386,False
5081806530,False
5960393419,False
5595506441,False
1746694264,False
1669116841,False
6869753909,False
5354933760,False
5433519881,False
5899757260,False
6319257897,False
5350204695,True
5315935610,False
1621798449,False
5370100818,False
1413114058,False
915299829,False
1821109138,False
1090629931,False
1315870211,False
1314925791,False
5929473791,False
6595650410,False
5589815486,False
6628648881,False
1981965205,False
6269258218,False
1607635699,False
6432050101,False
5199619779,False
5883950296,False
6914692782,False
1063482217,False
6679214611,False
6857883591,False
5088808609,False
5948085716,False
6972381967,False
1904458870,False
5571055694,False
6020237269,False
6368017572,False
6899082725,False
6701445523,False
5857235753,False
6846112220,False
6340772862,False
6431332124,False
5975107204,False
5175710289,False
6189848896,False
5849208224,False
6950190471,False
6911663044,False
6115471956,False
7027849495,False
6518392656,False
6162462645,False
5895538105,False
7159180802,False
6724630917,False
6443645922,False
6395677900,False
6672981631,False
6132492823,False
6726839097,False
6913474251,False
6969293475,False
1832526855,False
5207440549,False
6010556635,False
5204949653,False
5403121614,False
6889967830,False
5696204266,False
5248517942,False
6522132245,False
782315050,False
5656294371,False
917939097,False
5448798334,False
6005588521,False
1852354056,False
6282847615,False
6139197484,False
1922366843,False
5553526754,False
5461124942,False
6784480066,False
1462612943,False
6971396281,False
1467624453,False
2059354918,False
5086329750,False
1755057938,False
5283679309,False
6188498221,False
6239403373,False
6642467085,False
5395978992,False
5393557299,False
5789765835,False
1650414915,False
5312774533,False
6486269111,False
6724262132,False
5746850380,False
1733936232,False
5801044336,False
5239982872,False
5479551534,False
6202250499,False
6281527232,False
5177256678,False
1854746760,False
6483683805,False
5211917815,False
1445011081,False
5141711915,False
6033672107,False
6685242001,False
872500628,False
1847389351,False
6103058168,False
6012504423,False
6631602147,False
6765727191,False
6076741913,False
6430399661,False
1573051930,False
6593802075,False
5440445099,False
1292456005,False
1630195260,False
5680345062,False
6781418443,False
5943887862,False
1525979615,False
5438480090,False
655566388,False
6510383214,False
6350210203,False
6574094925,False
6966639536,False
6536052387,False
813340344,False
5399751393,False
457408953,False
6484219296,False
6933401535,False
2021323282,False
6419768845,False
2090869554,False
6886412457,False
6488491119,False
5101110743,False
6448065814,False
6712696860,False
911279473,False
6654032278,False
6267815889,False
6545042983,False
1582442958,False
6698888934,False
6769917536,False
6679083603,False
680111711,False
1068509289,False
6674235954,False
6926689290,False
6410327663,False
5054762816,False
6263986080,False
6978671095,False
6771863542,False
6521605446,False
6287645290,False
977755891,False
6823482460,False
6807128580,False
6683424515,False
6340784833,False
5431264156,False
6541000741,False
5738232682,False
6102452658,False
949368661,False
7045138854,False
6726867907,False
957413455,False
7108835237,False
6393036027,False
1356956729,False
6454538717,False
6027108022,False
5790976316,False
6604734512,False
7027607906,False
7051093269,False
6477427680,False
6717943100,False
7086028589,False
7173501592,False
5866226092,False
6599085763,False
6729918719,False
5246842133,False
6708857161,False
1316129402,False
6366781654,False
6832519968,False
5632801184,False
5445589358,False
5432216064,False
6879395122,False
6078362095,False
5490735364,False
5573928650,False
5865359361,False
1695871987,False
6269038646,False
6024253254,False
6951335949,True
6187201009,False
6476783679,False
6920330823,False
6714917064,False
5612511394,False
6825036687,False
7138346111,False
6969591730,False
1491210233,False
6914343376,False
6931530911,False
5688475914,False
6734951441,False
5184423210,False
6994241456,False
7067960755,False
6378061205,False
5859310498,False
6960091709,False
6883298775,False
6902846298,False
6461085434,False
6653882293,False
5403136590,False
7076947486,False
2039556540,False
6838574225,False
7087713475,False
5909562965,False
5883142505,False
1555085582,False
1047372427,False
6965659592,False
5326710923,False
7103141895,False
6647347874,False
6464230412,False
6834012314,False
6719304761,False
6764576030,False
6796979483,False
6171370263,False
5134235131,False
6784503324,False
7036710178,False
1861413197,False
6659725328,False
1380675826,False
2058288317,False
7131977629,False
5178801542,False
6115681911,False
6112474965,False
6413842805,False
6571294061,False
692053055,False
7045024278,False
940715688,False
6475559697,False
5805556725,False
6236546370,False
6710496920,False
6668316405,False
6425340488,False
5203119663,False
1850804911,False
637962727,False
6359268123,False
7172708805,False
6740246165,False
1194034837,False
6395152001,False
1878794057,False
6601922507,False
2014745834,False
6571369360,False
7032819308,False
6362796107,False
6776097241,False
6752711475,False
6363550489,False
6878643063,False
1082144201,False
6410192887,False
5098151949,False
6541049691,False
6598967706,False
6168240706,False
6760513610,False
6991885918,False
6494127776,False
1206662022,False
6732645727,False
5172222872,False
6405915217,False
6694431548,False
6052986554,False
5612605064,False
6410016544,False
5954890652,False
6777728277,False
6735174387,False
5477671945,False
6443388290,False
6629067980,False
6546984175,False
6268818519,False
6181566695,False
5809820251,False
6552584661,False
5183007320,False
6629359090,False
5795205828,False
6898392491,False
6962002019,False
6446249099,False
6670852606,False
6457935763,False
6779369527,False
6940635222,False
6969110389,False
6813235913,False
6340974445,False
6743451239,False
6441995075,False
6382848686,False
6415270840,False
6538655532,False
6720937340,False
5096520865,False
6398019653,False
6802208500,False
6875115759,False
6753829583,False
6066364763,False
6746348324,False
1421373397,False
6794346976,False
1252128853,False
6863264116,False
6977803041,False
6533246580,False
6867076509,False
6856878999,False
6890598111,False
6477392567,False
6372233422,False
6708105761,False
6265513075,False
6703793965,False
6585292171,False
6619569762,False
6395798572,False
6280794800,False
6648178213,False
6673627506,False
6474429525,False
6338867973,False
6547860649,False
6043838305,False
6169361803,False
6439889825,False
6611329543,False
6251769051,False
5829551390,False
6223160635,False
6046178707,False
6515298297,False
6525717541,False
5822791044,False
6138184766,False
6281227307,False
6202278155,False
6602162350,False
6570787312,False
6534017981,False
5900486027,False
6909005886,False
6723670065,False
6950888713,False
6553420204,False
6242723674,False
6541184189,False
5999446390,False
6605452582,False
5088763288,False
6341579082,False
6527243740,False
6631630114,False
6160021875,False
6307340056,False
6396215863,False
6449906216,False
6546376648,False
6485698383,False
6381490728,False
5875685725,False
5827459890,False
1979296187,False
5786158371,False
6419385586,False
1398979338,False
6473326306,False
6352738079,False
6438624213,False
6319067231,False
6887468923,False
6712857379,False
6628053899,False
1677286886,False
7121722372,False
6536205465,False
6945816425,False
6026949086,False
7179135720,False
6941563037,False
5431213856,False
6430818354,False
7156196411,False
6496687507,False
7175800621,False
7085980011,False
6995879481,False
5816917690,False
6319562209,False
7130170080,False
7021852098,False
6590240795,False
6628223857,False
1941999427,False
6362466061,False
6348962957,False
6998117737,False
7003228565,False
7064225787,False
825418831,False
6781481112,False
6471007225,False
5915196412,False
386652415,False
7117239822,False
6783046360,False
7133217089,False
1767537818,False
5203434145,False
6165672742,False
6780052477,False
7170235673,False
5268818482,False
5242100199,False
6519506281,False
1675419483,False
6925128765,False
5512023178,False
6215068694,False
6381808513,False
6993199824,False
6797963984,False
6924440553,False
6331444850,False
6931729991,False
7047178440,False
6946832059,False
6871318456,False
7044538678,False
6945321374,False
7146941737,False
5283930097,False
6071986162,False
6989707183,False
5724154769,False
5136021204,False
7046633937,False
6132872290,False
7030840251,False
6588562493,False
6578533554,False
6091896461,False
6548436800,False
6215113442,False
6698153784,False
6509776129,False
6906835209,False
2053252804,False
6469654870,False
5898023546,False
6747266317,False
6814484738,False
7181889050,False
5747933576,False
6266266041,False
6162968936,False
7131156077,False
2055917447,False
1351095253,False
7114810084,False
6949992182,False
6670672959,False
1815662821,False
6230546368,False
1680390852,False
6830700075,False
6747826214,False
6041135720,False
6664806751,False
6558219965,False
7184116670,False
7088117887,False
7099040376,False
6610302726,False
7035159163,False
6966728628,False
7421201264,False
859049965,False
1710542812,False
6650795330,False
6593275091,False
7028381765,False
5591434694,False
6442892902,False
1117628406,False
7089195852,False
7039300459,False
7197464315,False
6366681477,False
7261771564,False
5696725064,False
7070243389,False
6859117254,False
7057988208,False
6871938489,False
6812843488,False
7135507419,False
7138720310,False
5114312406,False
6217559487,False
5068837207,False
6924991989,False
7001792847,False
5560558539,False
6908992876,False
6667859012,False
6718817973,False
7055127841,False
5814645519,False
7188857770,False
1439965806,False
5079239708,False
6666373587,False
6873070760,False
5079915732,False
7108124992,False
6311556083,False
6779622426,False
6712366905,False
6773216759,False
6845790692,False
7049585961,False
6797882827,False
7085362741,False
1009753911,False
1690053616,False
6080668350,False
6950840959,False
6727008837,False
6750974160,False
6129377118,False
5639295309,False
6972994453,False
6876457595,False
6827843074,False
6375927163,False
6207637348,False
6431799091,False
6435485304,False
6182464262,False
7182434038,False
6773462134,False
6538969809,False
6838951659,False
7154322668,False
6843669150,False
6682083580,False
6270408739,False
6708043646,False
7163355349,False
6942077461,False
6416255055,False
6100177205,False
7359205023,False
7378575615,False
7438338969,False
6670289318,False
5088396532,False
6323113093,False
7127413751,False
6953791025,False
7097284821,False
1984760764,False
6971775488,False
6503505295,False
6885024359,False
6953357078,False
6773250531,False
7175916141,False
6043480557,False
6423825887,False
6536871669,False
6701579121,False
6869747216,False
6810734228,False
7038294405,False
6491767210,False
6464337196,False
7291206941,False
6884177522,False
7263932497,False
6632946614,False
6403572311,False
7225558539,False
6560694198,False
6771745574,False
7046868187,False
5520011529,False
6810479310,True
6599059776,False
6549362874,False
6710638398,False
7212094771,False
2123147796,False
1818083617,False
6741837504,False
6933607529,False
1875762390,False
6511741558,False
6636675869,False
6472342353,False
6870744389,False
6886636806,False
7342321788,False
7480163068,False
2146347693,False
6815058803,False
6151230940,False
6985735475,False
5544132910,False
5876614161,False
6976651797,False
6143039596,False
6380850366,False
5161225987,False
7064711077,False
6990585607,False
6483184068,False
746079182,False
6112592228,False
6271530555,False
5270813806,False
7470085442,False
6833178628,False
6516179676,False
7427275853,False
6186176162,False
7214483719,False
6452254770,False
6841990810,False
1378968539,False
6372530258,False
1140662825,False
7188246302,False
6262632285,False
6375786980,False
6833363628,False
7250740278,False
5139574578,False
7435216832,False
7199235235,False
7401518511,False
7295019376,False
6717533679,False
6716318141,False
1324891468,False
6538644107,False
6993509377,False
6778465311,False
7173024024,False
7019123921,False
6789320351,False
6645397081,False
7102412757,False
7028534639,False
7050369075,False
6751962186,False
6421318122,False
7196142555,False
7189506641,False
7138054613,False
7062910678,False
7011329663,False
6925937225,False
7100825395,False
7072382380,False
7067849335,False
6775556155,False
6640715444,False
6461331022,False
6408526851,False
1651862704,False
7186465428,False
7114739331,False
7060698540,False
6961414533,False
6944598717,False
6551599892,False
6423272561,False
7172870868,False
7094396730,False
7116456853,False
7091655516,False
5978482796,False
5470063846,False
6631794203,False
6574002035,False
6621109581,False
6499703180,False
6602387986,False
6905538486,False
5835547131,False
6840972625,False
6518429960,False
5792875609,False
6661451973,False
6324624216,False
6940450697,False
7465155648,False
7131994671,False
5813533757,False
7206012744,False
6817757251,False
7118545387,False
6705863493,False
6841769625,False
6023672447,False
6797172418,False
6436443327,False
6455460786,False
6000028862,False
6500312658,False
6086079159,False
5652357992,False
7140489638,False
6817225302,False
6622522934,False
6735183122,False
5823915692,False
7053899174,False
6764277645,False
6982903451,False
7350280606,False
7365650548,False
6367792133,False
7226113917,False
6993745495,False
7391860179,False
7096865532,False
6013509510,False
7382824227,False
6515917724,False
6863136370,False
7194186498,False
6968176953,False
6850737713,False
6861173927,False
6815265667,False
7111714330,False
5289103774,False
5413252999,False
7045477721,False
6738733582,False
6293180838,False
5443230925,False
6894699955,False
6586222685,False
6796899534,False
6135898731,False
6536431291,False
7257838723,False
7268230808,False
7152206743,False
1425437684,False
7384641089,False
6665885357,False
7323229665,False
7223896819,False
6018396504,False
6502066539,False
6872154611,False
1260873955,False
5927533428,False
7405485080,False
7301178179,False
5641869272,False
7221184253,False
5086926294,False
1773212205,False
5626610787,False
7354211233,False
6737716849,False
1565078239,False
7063768502,False
6794724021,False
7219708898,False
7475466512,False
7373235729,False
7067065050,False
7445544536,False
7252010289,False
7208709215,False
7367093966,False
7456880628,False
7234473900,False
7266055035,False
7077516681,False
7436698055,False
1200042735,False
7397236963,False
7473056570,False
7439627779,False
6941247807,False
6767873644,False
7333046300,False
6487053481,False
6387150713,False
6700549800,False
6859507125,False
7494331525,False
5214509544,False
1198915118,False
1137104943,False
6626065597,False
6410209528,False
6381601008,False
6809277781,False
1388580803,False
1486779110,False
7379177636,False
7474027544,False
6594989693,False
6226798590,False
676512478,False
7377488806,False
6040632293,False
6437781613,False
7305946407,False
7415885068,False
7461643015,False
6900955190,False
5071359033,False
658631935,False
7473590980,False
6627435592,False
995999732,False
7448682209,False
1346758999,False
6951887802,False
1497324602,False
7350550463,False
6744345669,False
7067729241,False
6777204798,False
5369336214,False
7102489633,False
6918794834,False
7313918362,False
6364415375,False
6654622540,False
6829898366,False
6678174734,False
6051728935,False
7451644924,False
6904820946,False
7465614234,False
6749066017,False
7334344274,False
1204437675,False
6897343532,False
7176567686,False
6514075866,False
7076628650,False
1203757848,False
7396646580,False
5490900223,False
6639175769,False
1478325543,False
5987355625,False
6091316850,False
7301638555,False
300444821,False
7080970480,False
7483108804,False
6652793409,False
7203287202,False
7159128632,False
7216932061,False
5019520088,False
1334620470,False
6750066788,False
7087864191,False
7486386965,False
5136720709,False
6981118120,False
6382122549,False
1123520344,False
7010255744,False
6535054099,False
6750696924,False
976803168,False
6648970742,False
5798233178,False
7448720705,False
6670685168,False
1268029808,False
7196562537,False
5664103462,False
5696733785,False
7104393126,False
842712641,False
7394726337,False
6625286568,False
1100278957,False
6544426670,False
6716140170,False
7452458851,False
5563265231,False
5876333652,False
5708526983,False
5679597068,False
7533364017,False
6135729791,False
6383177246,False
6247969590,False
7376140792,False
7537246469,False
7537092917,False
7510566961,False
7395574682,False
7532262401,False
7184451944,False
6172809952,False
6064023902,False
6204849858,False
5706425903,False
7156008919,False
6265398473,False
7443356196,False
6861750065,False
6957967138,False
6693346492,False
6322890788,False
7326802435,False
7319190435,False
7537129796,False
6648058554,False
6890322395,False
7401856098,False
7390646401,False
6999469614,False
7176349221,False
6876084231,False
7504729058,False
1802495859,False
7241677011,False
7466289479,False
6590846836,False
6803551794,False
5601055656,False
6479126023,False
619765920,False
7285222036,False
7332154961,False
7111776891,False
5906399714,False
7249388044,False
7066306572,False
6185898604,False
6335253147,False
7169557883,False
7135070297,False
1911685551,False
7329240727,False
7360765247,False
718830999,False
7225328519,False
6395693306,False
1623147738,False
6671567619,False
7022630814,False
7120042619,False
6890597277,False
7209663880,False
829049039,False
7467209030,False
7526903685,False
5165803716,False
6999126245,False
7343445284,False
7034723222,False
6469559733,False
6514999673,False
6256782758,False
1241792782,False
7468155435,False
7498922483,False
6928561765,False
6399337163,False
7185480296,False
6701344381,False
7061799617,False
5617796895,True
6445300947,False
6605193769,False
7081661322,False
6043935399,False
7382459166,False
6761672025,False
7238216025,False
6783182421,False
7114226495,False
6907278725,False
6568119691,False
7189326873,False
6599990740,False
7474972192,False
7229525015,False
7339620824,False
6012631208,False
6210376355,False
6735190821,False
7235136508,False
6875019481,False
7450147236,False
6769246878,False
841935130,False
7350001989,False
5093490601,False
7354372405,False
5502516505,False
5482083952,False
7093835347,False
7528571847,False
6992612213,False
7377952351,False
7191126581,False
6913004256,False
7226938626,False
7512651061,False
7321411969,False
6326031213,False
7411871305,False
7518430920,False
6530894488,False
8161151122,False
7761459540,False
7274402503,False
6763192575,False
7161093769,False
5746466824,False
6859595814,False
7386223318,False
5368355125,False
6806340512,False
7148310891,False
5056847016,False
6909482256,False
7546671277,False
6759798975,False
7167072650,False
7234566593,False
7598818970,False
7870942330,False
6887554979,False
7422317090,False
7349599159,False
6706177773,True
7574983689,False
7146178567,False
7234936502,False
7800379244,False
7867559916,False
6748267785,True
7470991650,False
7312560099,False
7220291875,False
7344076017,False
7399546885,False
7386681404,False
7525589128,False
6624261614,False
6770546628,False
7409220971,False
6121259288,False
797970717,False
6675299368,False
1777904216,False
6931085153,False
7449978357,False
7042424872,False
5308649634,False
7102142313,False
7481057294,False
7012800907,False
7078926023,False
7151669473,False
7266455795,False
6975466271,False
7346219640,False
7356412561,False
7257323501,False
7403146220,False
7482832949,False
1426998431,False
5136314045,False
7487166227,False
7080914476,False
7142451695,False
7311004263,False
7385250264,False
6725130272,False
7249604498,False
6912537236,False
7196179370,False
7139191760,False
6893587111,False
6920095790,True
8012555711,True
6978607782,False
6912375139,False
7344047931,False
7361553019,False
7282188470,False
6923261980,False
7203808527,False
7036961908,False
7356951745,False
7363590072,False
7000406004,False
7203086429,False
7414389709,False
7372318417,False
7410803134,False
5929862625,False
7340750905,False
6583311800,False
7253803350,False
7223022983,False
1269045716,False
7332644747,False
5108385574,False
7447599354,False
6655086129,False
6842963917,False
5581821258,False
6862239921,False
7071420265,False
7221504093,False
5699974286,False
954109859,False
1283880151,False
6037194904,False
7919475879,False
7314224682,False
1142012483,False
7467519403,False
6955649955,False
7167472300,False
7356662568,False
6711544526,False
6097397624,False
1035335862,False
7545455864,False
7010722828,False
7466734236,False
565330617,False
5707125056,False
6749005268,False
5057506825,False
8109914360,False
6108826422,False
6120039263,False
7889761161,False
7634362672,False
7459866981,False
6967521508,False
6573862206,False
6627991886,False
6080728869,False
7538348285,False
6530852105,False
1165724082,False
7081784782,False
5911727918,False
6815885141,False
8028817478,False
7257456065,False
7389010403,False
902325631,False
6802378568,False
5716752380,False
7484928529,False
5693357589,False
7326426267,False
1325200644,False
7108208904,False
7157462260,False
709682093,False
7867859968,False
7355255333,False
6443754212,False
5791334259,False
7303852517,False
6873461513,False
7260522107,False
7265438244,False
6988887698,False
7567555159,False
6952467470,False
7912160345,False
7135951235,False
1860696731,False
8145806527,False
7224822584,False
5738972910,False
5823830587,False
7408126511,False
7090521359,False
6469287910,False
5943608646,False
6515647409,False
7282924845,False
5541578393,False
7197787654,False
7124257842,False
5725908890,False
6909621880,False
6981222503,False
5861487512,False
7194496025,False
5287315298,False
5428204018,False
7055710260,False
6051714661,False
6993468242,False
5784331968,False
6747376614,False
7059009531,False
6021843681,False
6996130054,False
5393800495,False
6190453274,False
6650105448,False
6449730388,False
6531698728,False
5832034762,False
7066591329,False
7283498785,False
6896596537,False
6001857177,True
1032854051,False
6756388168,False
7777637481,False
5769619809,False
7997826894,False
5678749157,False
8088729013,False
6386625786,False
7773177516,False
6888934579,False
6540391764,False
7120774346,False
7285611873,False
7335868710,False
7748941256,False
297339655,False
7946687197,False
5449543293,False
6976849289,False
7244925682,False
6509237491,False
1876130069,False
1334738990,False
6583543935,False
5168958450,False
7225645764,False
7712910360,False
7192879191,False
7892467028,False
2146801520,False
7102096208,False
7545317913,False
6667286159,False
1932895757,False
7471224370,False
7878619854,False
5886033637,False
6508916853,False
7749996810,False
7161675610,False
7735027892,False
6804517313,False
7301113284,False
7188005936,False
7496077323,False
7576407044,False
1761594452,False
7514500732,False
5711138548,False
1335699080,False
5334223099,False
7160459110,False
8176543121,False
6338271422,False
7371032683,False
1604456257,False
5362490480,False
7659943511,False
7482078538,False
475260540,False
5767242861,False
6807466876,False
6497373349,False
1749502356,False
6730196895,False
5323894034,False
6841803966,False
7398643396,False
1494287594,False
7532621257,False
7239131719,False
5549946786,False
6425507295,False
7329599788,False
7281616475,False
7681436932,False
6089875857,False
5546808492,False
7581237859,False
6993174007,False
7622575850,False
7038550518,False
7336776905,False
6694895520,False
6464628383,False
7338815634,False
6419210787,False
6509569125,False
7890200151,False
6658385252,False
6587151492,False
6548793891,False
7017594998,False
6637152760,False
6466728360,False
1088839956,False
6434864176,False
6163333588,False
6482563435,False
7339229280,False
6290957982,False
2125384299,False
5716963270,False
5948546242,False
6451369400,False
7179227230,False
6900755997,False
7145740112,False
7166982409,False
6917103790,False
1328689425,False
7204904165,False
6215351885,False
2083074308,False
7943544805,False
7348603020,False
7175522072,False
7783543151,False
6185183256,False
7167989360,False
6114465378,False
7356562001,False
7828301241,False
7159967834,False
7540625614,False
870212292,False
6304184597,False
941904207,False
7884933956,False
6845651297,False
6466347783,False
2005090443,False
7251905013,False
7832189552,False
8134267024,False
7234544525,False
7840402424,False
7341660119,False
7156365097,False
7755782050,False
7650456657,False
8122750134,False
8120587364,False
1298411165,False
7818372764,False
7821760428,False
8179486836,False
7272592274,False
7854460094,False
7877552435,False
6856536959,False
7800796017,False
7985459358,False
7759351295,False
7673191961,False
7606240162,False
7900256906,False
7885535023,False
8135215918,False
7484346064,False
7792335291,False
7855966883,False
7532215394,False
7937905367,False
7853606041,False
7734128493,False
8073649047,False
7623759607,False
7119453561,False
8008105902,False
7249922525,False
7604274154,False
7493766626,False
7563522009,False
7728400861,False
7731418864,False
7425627605,False
7572927584,False
7706174263,False
7766715623,False
7746128637,False
8033026759,False
7398848660,False
7702936803,False
7802065652,False
7615266738,False
8153359059,False
7944195218,False
8108014550,False
7505022191,False
7909659438,False
7459157131,False
7745059389,False
7886827632,False
7428729006,False
7680883530,False
6733100408,True
8047090963,False
8185235305,False
2113082793,False
5986530873,False
7470090083,False
5025371498,False
6309370764,False
6907564741,False
1291591622,False
1104664271,False
5723982871,False
6485895728,False
7082404117,False
7425365648,False
7266770877,False
8121131927,False
8118116402,False
7092153115,False
6244183668,False
7203823596,False
5903548515,False
6894396017,False
7344877563,False
7043201963,False
7296494803,False
7282868482,False
7041135409,False
912851746,False
7426022416,False
6918384086,False
6975433450,False
7221909868,False
1413357264,False
7833327575,False
7260452892,False
7917400867,False
6705965618,False
7956262034,False
7610557776,False
1025752032,False
8094524955,False
6759123579,False
6849246228,False
6748272222,False
6829968528,False
7534780361,False
7974743281,False
7387715617,False
6989539224,False
7193996932,False
7871013813,False
7992252329,False
7702309535,False
8033883521,False
7146524926,False
8064368653,False
7128074832,False
7676540674,False
7638248607,False
7603400059,False
7828978135,False
727516831,False
7895607282,False
1076904089,False
7003565523,False
8179193555,False
6969028044,False
7309802953,False
5192558185,False
7026514206,False
7384360483,False
6045999791,False
7942687029,False
7190168288,False
7036302836,False
7134416632,False
628551766,False
6954270010,False
7283255738,False
8032741867,False
824352129,False
698978758,False
7174987450,False
7902137951,False
7782647636,False
2091097883,False
5988969065,False
539120475,False
6413487023,False
1618549704,False
6530553632,False
7109084708,False
5546720197,False
6806231713,False
7216363103,False
8148198771,False
7665393367,False
6856156131,False
7797536265,False
7345312842,False
7047668261,False
7365700205,False
6999144405,False
6424400699,False
7864134762,False
6824961888,False
8104729838,False
7921671533,False
7629503911,False
7151628715,False
6899485253,False
7699604287,False
7872196792,False
7845800081,False
7618198574,False
8004834972,False
7828079391,False
7792504835,False
7855903447,False
7631947230,False
7552609916,False
6917404766,False
2095061511,False
6743380673,False
5539834572,False
7675469507,False
7580695221,False
7797300442,False
6316531366,False
7898808309,False
6955487370,False
316759870,False
5162158718,False
7712970953,False
7536864137,False
7254197627,False
7072624587,False
5838447163,False
7924191758,False
8173683722,False
7721563539,False
6847401777,False
7808816467,False
7973261636,True
8000639292,False
8001453477,False
7192593293,False
7893041882,False
5939311436,False
6171755136,False
7888196263,False
5952682847,False
7196633416,False
6587990482,False
5831144102,False
6689527912,False
6608024326,False
7028179570,False
1002094107,False
5325307804,False
1714724502,False
7104006589,False
7516304795,False
7035958068,False
7191960760,False
7718423039,False
7961727981,False
7693427438,False
1337866581,False
5609583372,False
5852717376,False
1606659391,False
7856412097,False
560986438,False
7367092654,False
6923698982,False
8186030847,False
6094508406,False
7504151249,False
7340520448,False
7464711820,False
7624049309,False
7931332750,False
7005487877,False
7301079847,False
7533137727,False
7478920488,False
2066797779,False
7957191624,False
7420033222,False
7449012310,False
6415109616,False
5602529480,False
7363899732,False
6930068381,False
456795121,False
7783733202,False
7865152012,False
7837604335,False
6337852809,False
6212903652,False
7522696253,False
7782154094,False
7970311678,False
7138018657,False
7263581926,False
6751614871,False
7874392633,False
7823306833,False
7619600558,False
7562709233,False
7940045492,False
6424038205,False
7976040878,False
7761078639,False
7220744570,False
7215325762,False
7140215760,False
6840508933,False
7484073841,False
7578405586,False
6727681091,False
7542350912,False
7904308385,False
6995656341,False
1023613733,False
7298630422,False
7557858025,False
7529901328,False
6369389510,False
7125628035,False
7570491109,False
8096363616,False
8129873943,False
6158421481,False
8073887393,False
7937644245,False
7127629768,False
7987055242,False
7848414781,False
7539141208,False
8185798936,False
6058639487,False
7782733983,False
7854183959,False
5763131352,False
7774374778,False
6361201569,False
8022015004,False
7910156285,False
5641780016,False
7084934453,False
7550408771,False
7742086233,False
7773485506,False
5896822922,False
7564922100,False
7354223268,False
7703730324,False
6140659775,False
7806035789,False
7900037837,False
7014784183,False
7730643649,False
6244398534,False
7435457049,False
7637117146,False
7360586044,False
7574710140,False
5939264381,False
7265219659,False
6383675494,False
7990169886,False
7029692244,False
5285472326,False
1284968111,False
5466703782,False
7600173031,False
7989361467,False
7774279953,False
8030320026,False
7027657899,False
6963060450,False
6227805249,False
6713023029,False
6808736592,False
5937372876,False
6441015367,False
5432216814,False
6639396947,False
6696155155,False
6769030776,False
6093703073,False
5373875553,False
7292519303,False
6728149765,False
5300653491,False
6811433174,False
6628736819,False
7959195030,False
7063944436,False
6805488880,False
6388700991,False
8062599465,False
7591021476,False
7761946831,False
7700273731,False
7876035172,False
7175706272,False
8107088595,False
8077568222,False
7201628081,False
6415239929,False
7508346647,False
7388370047,False
7552419136,False
7476555492,False
5276070308,False
694952508,False
5710881975,False
1470530403,False
7999549474,False
7763957567,False
6152311311,False
5031195686,False
6118051999,False
6928780977,False
6107883254,False
7993904225,False
7031186266,True
7408306968,False
7316783764,False
7174172827,False
6879474723,False
7348922059,False
7928856265,False
7327519786,False
5913542985,False
8056149425,False
6012864206,False
6503516163,False
7315554237,False
6850176381,False
695082549,False
6654995624,False
6350893907,False
7792761484,False
397118901,False
8051975558,False
7454360092,False
5093314898,False
7618183302,False
7456621269,False
5571697509,False
7785416722,False
5718143967,False
5201321387,False
6323040713,False
6742204854,False
885263782,False
1774522365,False
7504659482,False
7640370674,False
8000507932,False
7569505164,False
7803567095,False
7960700455,False
7293255457,False
8017885041,False
7932196454,False
6672389515,False
6531634021,False
6690612741,False
5987822706,False
6336018725,False
7559165387,False
5438555009,False
7661390814,False
7007393790,False
8028075762,False
6520983791,False
7896927714,False
1815674659,False
6641514538,False
6304287259,False
7676123889,False
5706605574,False
5393196830,False
6529265322,False
7278022999,False
6599815289,False
7855259169,False
7841234561,False
8022969188,False
7962567540,False
8146361096,False
8065293282,False
7697470015,False
7222881936,False
7187982894,False
7763189035,False
7662838371,False
7464819791,False
7192965335,False
5362981587,False
7067432801,False
7041985844,False
821924868,False
7212489838,False
6694338783,False
7433778647,False
7986970964,False
7722910915,False
7227326552,False
7687275379,False
7272758734,False
7326207627,False
7115362836,False
7878682062,False
7254691195,False
5436607567,False
7526413164,False
6600802977,False
1757421031,False
7546545895,False
7664636115,False
7992460918,False
8083795352,False
8017844754,False
8162482197,False
7822310769,False
7482652549,False
6641076270,False
7698553063,False
7544343289,False
7597975030,False
7116872693,False
6973520368,False
5589924992,False
6230337635,False
7199753537,False
6218701106,False
6600180550,False
7885307455,False
6232002217,False
7871029261,False
7546396724,False
1390518520,False
7324189450,False
7919447310,False
7505006284,False
7630776209,False
5621048904,False
6786920126,False
7645574301,False
7221767426,False
6072350145,False
7472849201,False
7805619843,False
7440955470,False
6997059014,False
1489391582,False
5874554460,False
7599532399,False
7928650818,False
7469680860,False
1877655174,False
5063339697,False
5115301770,False
6930503119,False
5701709509,False
7677389577,False
6661468639,False
7319490907,False
6485272494,False
7681309246,False
7983841972,False
7427325847,False
2134906471,False
6790552671,False
7653721663,False
7521363881,False
7826374002,False
6465411570,False
7514561909,False
6543202048,False
7486832992,False
7126652736,False
7957853645,False
7680852500,False
6351067567,False
7328994337,False
7188568218,False
876794427,False
6856274388,False
6319395158,False
7811321836,False
5697733280,False
8101453548,False
6793268602,False
8050997915,False
7471748897,False
8137242320,False
6192878757,False
6127503131,False
5707268219,False
7516264513,False
7418533922,False
7950037260,False
7857223641,False
6109993862,False
7205231551,False
7744686153,False
1923238956,False
7314711655,False
7842031243,False
7636556215,False
7530869071,False
7616141338,False
8059383672,False
6683329983,False
7314659829,False
8026700654,False
5884311759,False
7335446455,False
8065228718,False
7185243643,False
969158965,False
6630698774,False
6679623362,False
7402458386,False
7592377729,False
7969013038,False
8137078009,False
8036629314,False
6444673950,False
7163845474,False
7643583754,False
7576314987,False
8086340552,False
8125841176,False
7382192928,False
7902215554,False
7328457962,False
6841459063,False
7001410083,False
6813032344,False
7400754934,False
7718937078,False
6808519864,False
8158211657,False
6505420626,False
6793057523,False
6970227555,False
7269249798,False
7361019259,False
6584345014,False
8196078288,False
8100626944,False
6368388177,False
7609872452,False
1974831889,False
7079045997,False
7960383142,False
7651143645,False
7069777546,False
7508704369,False
7554819321,False
5695920384,False
7455064413,False
7479603047,False
7366860714,False
7069313712,False
7458088727,False
7361149429,False
7439101503,False
7049832487,False
7307392752,False
7294532972,False
7315245962,False
7004764860,False
7351589587,False
569705561,False
6914902160,False
7227551966,False
7011064389,False
7422104962,False
7339687066,False
7161818998,False
6180575317,False
6087098432,False
8054234988,False
6300349645,False
7684613571,False
7370415600,False
7228002013,False
6508911269,False
7301839856,False
7503095338,False
7140724790,False
7811938036,False
7726130281,False
7342147548,False
7063598687,False
6729304676,False
1302706746,False
7780204088,False
7713137305,False
7648600581,False
7201232029,False
8131170592,False
7800740245,False
7227419576,False
7354033719,False
8092317234,False
8077025076,False
7917750125,False
6721472542,False
7655930467,False
7372895102,False
1022530375,False
6630013840,False
6647259033,False
1576507100,False
6918029902,False
5126963486,False
7568152275,False
5129298030,False
6583263799,False
1651744411,False
6485349948,False
6830682334,False
6288093427,False
7115520443,False
6759695089,False
6790228100,False
7573729003,False
7775972501,False
7593386995,False
7334575551,False
6591007242,False
7251788271,False
7455350669,False
7419470951,False
7827333580,False
7929600844,False
1042820425,False
6797140424,False
8096675166,False
8120868507,False
7345905890,False
7178646208,False
8027229453,False
6007757411,False
7178353745,False
7689347523,False
6037796327,False
7166401573,False
6711118614,False
7798869469,False
6179338506,False
6861472544,False
6874315697,False
7203298097,False
1070401103,False
6854165097,False
6699815886,False
6863712594,False
6967400862,False
7361687243,False
6963214819,False
6581101440,False
5995350452,False
5976829305,False
6297023493,False
6951832163,False
6345954092,False
7579094753,False
7015500949,False
7617344894,False
7780223697,False
7136581695,False
7335738047,False
7280557298,False
7270906844,False
5371060716,False
1386067090,False
7562709471,False
6371957863,False
5880453970,False
7793712161,False
7867980582,False
7678863985,False
1519399143,False
7929574109,False
7839680234,False
8077106183,False
6395598183,False
6515137417,False
8192412249,False
7941037018,False
7751368792,False
7971612442,False
7646214927,False
7391051488,False
8140855806,False
6248692826,False
7492288624,False
7539831085,False
7901287075,False
5114425482,True
8198104233,False
5336893251,False
7408203109,False
5163137165,False
6200315226,False
7100809934,False
1033318602,False
8099120029,False
7468823895,False
7547649283,False
6769260586,False
1160757202,False
7686127035,False
5165028828,False
7294512904,False
7624949490,False
7139330437,False
6950357353,False
7853201939,False
7078486907,False
6659644275,False
6774384697,False
8092131308,False
6757461451,False
7416179284,False
6785181289,False
7888498371,False
621604626,False
6943521734,False
6738912227,False
7076768906,False
5371209166,False
8023123025,False
7437361699,False
922334240,False
6092112139,False
8032499237,False
7152114816,False
7826684393,False
6077309009,False
5742110126,False
7273503358,False
5142422129,False
8088620433,False
7484044996,False
8155416544,False
7630033397,False
6977924856,False
6016358348,False
2132684905,False
7138893246,False
8022054180,False
8061636992,True
6725994969,False
972480858,False
7019664118,False
7567872945,False
7756915218,False
7611523869,False
6948134025,False
7950314125,False
537067748,False
822230539,False
6486589366,False
1710499524,False
6875620623,False
749756096,False
746986635,False
7522875323,False
1466244555,False
7643437214,False
8175617312,False
7990911146,False
1092408619,False
7868735098,False
7988641489,False
5138604760,False
7651934100,False
7317146356,False
7938878463,False
6881149863,False
6718638840,False
8029720578,False
6186005513,False
7425472595,False
7163337640,False
7936001193,False
7857941984,False
1414116342,False
6869799333,False
7836198613,False
7754417520,False
5337781455,False
1716271808,False
7520856925,False
7564022693,False
7672261906,False
7718280357,False
7606676809,False
7135273813,False
7583579128,False
7630324666,False
7907677891,False
7862877480,False
7155302128,False
7735094243,False
980024142,False
7290877622,False
7812766138,False
5687274207,False
8194763112,False
1660199897,False
6824807119,False
7660691033,False
6793475696,False
7660886589,False
5012694314,False
1350603487,False
1282376553,False
6477028363,False
6318836513,False
7535414229,False
7463193583,False
7329558266,False
7815778766,False
5267772819,False
7698042363,False
7466501744,False
7809105032,False
7810729305,False
7319466998,False
7610017134,False
7811807549,False
5793345490,False
8076416360,False
833159780,False
7932411821,False
7614289990,False
6485802101,False
7320222323,False
8030630250,False
1790890855,False
7498595730,False
7580686626,True
7986980995,False
8140073473,False
7643772326,False
6190986287,False
7892651290,False
7721683750,False
6877170359,False
8000572304,False
5804244431,False
7852629865,False
7174383306,False
1303999513,False
755624119,False
752717128,False
7190975654,False
5579988188,False
7539224948,False
6801879765,False
5487881171,False
6282435699,False
7159487674,False
5799236645,False
8143766738,False
8087037632,False
7959594489,False
7428996737,False
5928935425,False
7433087255,False
7518207485,False
7678001069,False
7922028348,False
8139074457,False
6324521059,False
8032679173,False
6874743697,False
1140912958,False
6478449025,False
7913020058,False
5956752951,False
473122169,False
7077960403,False
7699916335,False
7523211609,False
8138171625,False
7826971709,False
6710702440,False
7771900757,False
6589740899,False
7255217309,False
7751874912,False
6361671205,True
7798410587,False
7247242887,False
6548002673,False
6615505897,False
5388721494,False
5499860061,False
1439229852,False
6041345269,False
7941352523,False
1050017775,False
7756960273,False
8123741188,False
1115134785,False
1244305034,False
7582763226,False
6272936162,False
7911099427,False
7836300380,False
6554535003,False
8045163402,False
7028298094,False
7528251913,False
8059172174,False
7701166195,False
7421755611,False
5980442535,False
7993232572,False
6073881787,False
1612016990,False
6161718365,False
6066981211,False
7912724250,False
6890138295,False
7414692651,False
7597626864,False
7912054719,False
7569977008,False
6987647886,False
7403494423,False
6806805828,False
7631650647,False
7185248425,False
7119330011,False
6607426234,False
6763256312,False
2127619881,False
6239516997,False
8122686190,False
6962853135,False
6580145190,False
6414412294,False
7366136782,False
7048205190,False
6739139761,False
8156136340,False
6871550778,False
8187898917,False
7288855852,False
6078798228,False
7940954450,False
7459204319,False
7806792892,False
1740823291,False
1105069492,False
7643204453,False
6933504406,False
7503908159,False
5493048919,False
7699016926,False
7600820460,False
7925761185,False
7597473818,False
7125313891,False
7555152740,False
7727864261,False
7974504578,False
7691205333,False
5446370121,False
6941306462,False
5908967389,True
6234370139,False
7988867971,False
7704620148,False
1369721911,False
7110968208,False
7240241253,False
7158633163,False
7540159081,False
7943426330,False
7944294793,False
7608471132,False
1378929510,False
7525342493,False
5602631261,False
6952509904,False
7936403243,False
6692923349,False
6117577270,False
19525975,False
6492088885,False
6472827351,False
5942392528,False
6970465874,False
7209674924,False
6747379402,False
1195185235,False
6790588341,False
7634092057,False
6700403469,False
8094419600,False
1290522284,False
5989741534,False
6786235348,False
7625423669,True
7946449677,False
8086636411,False
8048778990,False
6962422867,False
6910092440,False
6748495818,False
7896967037,False
1149432961,False
8170884133,False
7733362576,False
7728731954,False
7765819089,False
7244447098,False
7471431018,False
6901601335,False
6683352576,False
747190485,False
6637732409,False
7074354065,False
8140589313,False
7083628830,False
6391183137,False
7289699473,False
6840904079,False
7726504778,False
7314218386,False
7004345779,False
7927986666,False
5368626767,False
5334599860,False
7829784058,False
7692134174,False
8130522573,False
7903809807,False
7020832266,False
7960625111,False
8015131108,False
7619552994,False
7419202551,False
7629532489,False
7963788998,False
1521124239,False
836815276,False
7289970363,False
6725609050,False
1229977165,False
6846974091,False
7091414352,False
7742038206,False
7877871381,False
7574494888,False
6783155725,False
6191188717,False
1475264894,False
6976167389,False
6465516464,False
8147724110,False
7893028900,False
7612971418,False
7851393447,False
7379343028,False
7763995935,False
7273655906,False
963546184,False
7692538774,False
7840839913,False
7993207493,False
7612501559,False
1414929989,False
7307779376,False
6207932774,False
6286370515,False
6316907681,False
7950366092,False
7832633315,False
7327130826,False
7812965881,False
7280539866,False
7040688502,False
945174414,False
7984339624,False
7872624033,False
7636907969,False
6848580116,False
7999560267,False
6305190052,False
5026927306,False
7963577711,False
7727372634,False
7283596884,False
5424645123,False
1909034138,False
6500198459,False
7239906935,False
5554956205,False
8044971015,False
7940415548,False
5701173288,False
7576474188,False
6077948384,False
8019766472,False
7842903598,False
8152677928,False
7991711089,False
7742275056,False
7761897631,False
7340028566,False
7623179915,False
7527728279,False
219794641,False
7830433993,False
7375154028,False
7609260893,False
877616586,False
6602470378,False
7527713706,False
7654421793,False
7702886132,False
7718117477,False
8121162226,False
7889214837,False
5278824571,False
8001199645,False
6292689620,False
6925681650,False
7453976461,False
7979881124,False
6906294962,False
7730642966,False
5960539888,False
7903230745,False
1228061234,False
6856289322,False
7696582880,False
7013866327,False
5546926648,False
8020121691,False
5099787019,False
5831309275,False
7897607969,False
792764991,False
5765987214,False
